2/11/2023,3/11/2023,5/11/2023
Project QT,Project QT,Harem Heroes
King of Kinks,Horny Villa,King of Kinks
Booty Calls,King of Kinks,Project QT
Eros Fantasy,Harem Heroes,Horny Villa
Harem Heroes,Kink Inc.,Pornstar Harem
Horny Villa,Kamihime PROJECT R,Booty Calls
Fake Lay,Booty Calls,Comix Harem
Sexy Airlines,Sex Idler,Kamihime PROJECT R
Lusty Odyssey,Cum & Gun,Kink Inc.
Pornstar Harem,Chick Wars,Chick Wars
I am Magicami DX,Fap CEO,Sex Idler
Cum & Gun,Fake Lay,Trans Pornstar Harem
Chick Wars,Sexy Airlines,Fap CEO
Overlewd,Comix Harem,Gay Harem
Crush Crush Moist & Uncensored,Town of Sins,Booty Farm
FAP Goddess,BustyBiz,Mystic Tribes
Booty Farm,Overlewd,Heavy Metal Babes
Legeclo: Legend Clover X Rated,Dirty League,Overlewd
Kamihime PROJECT R,Attack On Moe H,Chick Empire
Sex Idler,Shelter 69,Lusty Odyssey
Fap CEO,FAP Goddess,SF Girls
Comix Harem,Chick Empire,Fake Lay
Player Life - The 7 Islands,Billionaire,BustyBiz
Dirty League,Pornstar Harem,Town of Sins
Big Bang Empire,Eros Fantasy,Fap Titans
Hot Gym,Crush Crush Moist & Uncensored,Attack On Moe H
Pirate Booty,Booty Farm,Legeclo: Legend Clover X Rated
Taimanin Asagi -Battle Arena-,Gay Harem,I am Magicami DX
Strip Club Tycoon,Pirate Booty,Crush Crush Moist & Uncensored
Trans Pornstar Harem,Merge Nymphs,Shelter 69
Attack On Moe H,Strip Club Tycoon,Angry Bangers
BustyBiz,Legeclo: Legend Clover X Rated,Strip Club Tycoon
SF Girls,SF Girls,Cum & Gun
Chick Empire,Smutstone,Brazzers The Game
Gay Harem,Lusty Odyssey,Dirty League
Shelter 69,Sexy Exile,Eros Fantasy
Kink Inc.,Trans Pornstar Harem,FAP Goddess
Heavy Metal Babes,Slutty Journey,Booty Calls: Men at Work
Town of Sins,Mystic Tribes,Merge Nymphs
Slot Bitches,Heavy Metal Babes,Hot Gym
Smutstone,Casting Agent,Slutty Journey
Sexy Exile,Sexy Space Airlines,Pirate Booty
Casting Agent,Honey Crush,Long Lost Lust
Slutty Journey,Love Academy,Smutstone
Master of Ives,Pocket Waifu,Pocket Waifu
Billionaire,Blush Blush,Men Bang
Honey Crush,Hot Gym,Master of Ives
Fap Titans,Like Heroes: Ultimate,Sinful Puzzle